strategy,coverage,accepted_mae
RICA2 uncertainty,0.0013351134846461949,3.1641834735870304
RICA2 uncertainty,0.0026702269692923898,3.9338380098342896
RICA2 uncertainty,0.004005340453938585,3.138382931550344
RICA2 uncertainty,0.0053404539385847796,2.403199004009366
RICA2 uncertainty,0.006675567423230975,2.9105839252471926
RICA2 uncertainty,0.00801068090787717,2.474267049133779
RICA2 uncertainty,0.009345794392523364,2.559251755901745
RICA2 uncertainty,0.010680907877169559,3.740356550738216
RICA2 uncertainty,0.012016021361815754,3.398385937015214
RICA2 uncertainty,0.01335113484646195,3.3252542129158984
RICA2 uncertainty,0.014686248331108143,3.258086534250867
RICA2 uncertainty,0.01602136181575434,3.606457417706648
RICA2 uncertainty,0.017356475300400534,4.042711603068389
RICA2 uncertainty,0.018691588785046728,5.865182129293681
RICA2 uncertainty,0.020026702269692925,5.749042250116667
RICA2 uncertainty,0.021361815754339118,6.067203231807798
RICA2 uncertainty,0.022696929238985315,6.118891972478699
RICA2 uncertainty,0.02403204272363151,6.339398046003448
RICA2 uncertainty,0.025367156208277702,7.755452726310804
RICA2 uncertainty,0.0267022696929239,7.446027725264429
RICA2 uncertainty,0.028037383177570093,7.500923843327022
RICA2 uncertainty,0.029372496662216287,7.394452378695661
RICA2 uncertainty,0.030707610146862484,7.283308990299702
RICA2 uncertainty,0.03204272363150868,7.153784916239481
RICA2 uncertainty,0.03337783711615487,6.982525053322315
RICA2 uncertainty,0.03471295060080107,7.173927528181902
RICA2 uncertainty,0.036048064085447265,6.937475644769494
RICA2 uncertainty,0.037383177570093455,6.874368134886028
RICA2 uncertainty,0.03871829105473965,6.694708276719884
RICA2 uncertainty,0.04005340453938585,6.614888650675615
RICA2 uncertainty,0.04138851802403204,6.75532213651365
RICA2 uncertainty,0.042723631508678236,6.806757980678231
RICA2 uncertainty,0.044058744993324434,6.683165711074165
RICA2 uncertainty,0.04539385847797063,6.578118152215201
RICA2 uncertainty,0.04672897196261682,6.6689065674373085
RICA2 uncertainty,0.04806408544726302,6.604703811224964
RICA2 uncertainty,0.049399198931909215,6.4280393788137955
RICA2 uncertainty,0.050734312416555405,6.407639591082146
RICA2 uncertainty,0.0520694259012016,6.513584019358341
RICA2 uncertainty,0.0534045393858478,6.4375853560119864
RICA2 uncertainty,0.05473965287049399,6.293080477307482
RICA2 uncertainty,0.056074766355140186,6.255733676467623
RICA2 uncertainty,0.05740987983978638,6.312796069577682
RICA2 uncertainty,0.05874499332443257,6.2596020250835185
RICA2 uncertainty,0.06008010680907877,6.22769078115622
RICA2 uncertainty,0.06141522029372497,6.181721576594786
RICA2 uncertainty,0.06275033377837116,6.112451011354617
RICA2 uncertainty,0.06408544726301736,6.034065561772632
RICA2 uncertainty,0.06542056074766354,6.040584957873333
RICA2 uncertainty,0.06675567423230974,5.933255910903212
RICA2 uncertainty,0.06809078771695594,5.890540263261278
RICA2 uncertainty,0.06942590120160214,5.7836890720977205
RICA2 uncertainty,0.07076101468624833,5.698302467645337
RICA2 uncertainty,0.07209612817089453,5.705406640911542
RICA2 uncertainty,0.07343124165554073,5.668971351818603
RICA2 uncertainty,0.07476635514018691,5.611363557752751
RICA2 uncertainty,0.07610146862483311,5.64181276970265
RICA2 uncertainty,0.0774365821094793,5.544652451394958
RICA2 uncertainty,0.0787716955941255,5.45452491077831
RICA2 uncertainty,0.0801068090787717,5.369991612161197
RICA2 uncertainty,0.0814419225634179,5.371439461898605
RICA2 uncertainty,0.08277703604806408,5.293992918417335
RICA2 uncertainty,0.08411214953271028,5.256367500126359
RICA2 uncertainty,0.08544726301735647,5.2356249861186335
RICA2 uncertainty,0.08678237650200267,5.168754766606364
RICA2 uncertainty,0.08811748998664887,5.343885948508974
RICA2 uncertainty,0.08945260347129506,5.298379073292012
RICA2 uncertainty,0.09078771695594126,5.245793837133571
RICA2 uncertainty,0.09212283044058744,5.192364250134295
RICA2 uncertainty,0.09345794392523364,5.1314951154908925
RICA2 uncertainty,0.09479305740987984,5.168286791559252
RICA2 uncertainty,0.09612817089452604,5.11984563750318
RICA2 uncertainty,0.09746328437917223,5.189179338065725
RICA2 uncertainty,0.09879839786381843,5.584975975349138
RICA2 uncertainty,0.10013351134846461,5.631559341907497
RICA2 uncertainty,0.10146862483311081,5.5727124576113685
RICA2 uncertainty,0.102803738317757,5.61428392904919
RICA2 uncertainty,0.1041388518024032,5.581092704374052
RICA2 uncertainty,0.1054739652870494,5.533653729795651
RICA2 uncertainty,0.1068090787716956,5.562651557307686
RICA2 uncertainty,0.1081441922563418,5.544387276360277
RICA2 uncertainty,0.10947930574098798,5.553706925653098
RICA2 uncertainty,0.11081441922563418,5.540629772662394
RICA2 uncertainty,0.11214953271028037,5.5350520965421435
RICA2 uncertainty,0.11348464619492657,5.55881098142441
RICA2 uncertainty,0.11481975967957277,5.502804949238544
RICA2 uncertainty,0.11615487316421896,5.508625037283043
RICA2 uncertainty,0.11748998664886515,5.465993909588587
RICA2 uncertainty,0.11882510013351134,5.443484716117377
RICA2 uncertainty,0.12016021361815754,5.385452856404909
RICA2 uncertainty,0.12149532710280374,5.334879849687376
RICA2 uncertainty,0.12283044058744993,5.352819337971178
RICA2 uncertainty,0.12416555407209613,5.354497282912008
RICA2 uncertainty,0.12550066755674233,5.376424505276243
RICA2 uncertainty,0.1268357810413885,5.378063770893368
RICA2 uncertainty,0.12817089452603472,5.41547899722742
RICA2 uncertainty,0.1295060080106809,5.370616878968533
RICA2 uncertainty,0.1308411214953271,5.433369463971069
RICA2 uncertainty,0.1321762349799733,5.434019027499834
RICA2 uncertainty,0.13351134846461948,5.516399948522443
RICA2 uncertainty,0.1348464619492657,5.53176353510358
RICA2 uncertainty,0.13618157543391188,5.500264899067429
RICA2 uncertainty,0.1375166889185581,5.48587098458727
RICA2 uncertainty,0.13885180240320427,5.440294825529245
RICA2 uncertainty,0.14018691588785046,5.4247521511713614
RICA2 uncertainty,0.14152202937249667,5.38812120568077
RICA2 uncertainty,0.14285714285714285,5.452578458162107
RICA2 uncertainty,0.14419225634178906,5.4415407984345
RICA2 uncertainty,0.14552736982643524,5.421684413656177
RICA2 uncertainty,0.14686248331108145,5.407255451679225
RICA2 uncertainty,0.14819759679572764,5.386082002332614
RICA2 uncertainty,0.14953271028037382,5.366031081442317
RICA2 uncertainty,0.15086782376502003,5.321289242922727
RICA2 uncertainty,0.15220293724966621,5.281585430327733
RICA2 uncertainty,0.15353805073431243,5.266956458856226
RICA2 uncertainty,0.1548731642189586,5.223884183399632
RICA2 uncertainty,0.15620827770360482,5.205841064886147
RICA2 uncertainty,0.157543391188251,5.238024851250443
RICA2 uncertainty,0.1588785046728972,5.2568727514573474
RICA2 uncertainty,0.1602136181575434,5.252074252491194
RICA2 uncertainty,0.16154873164218958,5.308863917978339
RICA2 uncertainty,0.1628838451268358,5.280118066261779
RICA2 uncertainty,0.16421895861148197,5.27589569405569
RICA2 uncertainty,0.16555407209612816,5.248116640734573
RICA2 uncertainty,0.16688918558077437,5.263804352056977
RICA2 uncertainty,0.16822429906542055,5.270127511337869
RICA2 uncertainty,0.16955941255006676,5.268780531593427
RICA2 uncertainty,0.17089452603471295,5.268629793619036
RICA2 uncertainty,0.17222963951935916,5.277099748897227
RICA2 uncertainty,0.17356475300400534,5.258659219724625
RICA2 uncertainty,0.17489986648865152,5.234526005392991
RICA2 uncertainty,0.17623497997329773,5.228245013032218
RICA2 uncertainty,0.17757009345794392,5.261099376070093
RICA2 uncertainty,0.17890520694259013,5.269165168786001
RICA2 uncertainty,0.1802403204272363,5.35864790667538
RICA2 uncertainty,0.18157543391188252,5.3453409692655995
RICA2 uncertainty,0.1829105473965287,5.339924105050135
RICA2 uncertainty,0.1842456608811749,5.309526841822954
RICA2 uncertainty,0.1855807743658211,5.33940117644856
RICA2 uncertainty,0.18691588785046728,5.3340766637080455
RICA2 uncertainty,0.1882510013351135,5.306195804085712
RICA2 uncertainty,0.18958611481975968,5.295875408206604
RICA2 uncertainty,0.1909212283044059,5.276773842158431
RICA2 uncertainty,0.19225634178905207,5.285085834324771
RICA2 uncertainty,0.19359145527369825,5.256888556398191
RICA2 uncertainty,0.19492656875834447,5.227405419659938
RICA2 uncertainty,0.19626168224299065,5.194001395118476
RICA2 uncertainty,0.19759679572763686,5.245052344694327
RICA2 uncertainty,0.19893190921228304,5.239759233753949
RICA2 uncertainty,0.20026702269692923,5.217529074847693
RICA2 uncertainty,0.20160213618157544,5.221185494436329
RICA2 uncertainty,0.20293724966622162,5.278239368470871
RICA2 uncertainty,0.20427236315086783,5.244318174400356
RICA2 uncertainty,0.205607476635514,5.293765367180491
RICA2 uncertainty,0.20694259012016022,5.3166225353556245
RICA2 uncertainty,0.2082777036048064,5.30667311774614
RICA2 uncertainty,0.2096128170894526,5.287679882224193
RICA2 uncertainty,0.2109479305740988,5.267821813950051
RICA2 uncertainty,0.21228304405874499,5.253638133856481
RICA2 uncertainty,0.2136181575433912,5.232042610291387
RICA2 uncertainty,0.21495327102803738,5.205877807218091
RICA2 uncertainty,0.2162883845126836,5.201470548208844
RICA2 uncertainty,0.21762349799732977,5.22151671325776
RICA2 uncertainty,0.21895861148197596,5.196508580441695
RICA2 uncertainty,0.22029372496662217,5.195973195266538
RICA2 uncertainty,0.22162883845126835,5.177742163634977
RICA2 uncertainty,0.22296395193591456,5.16771285929633
RICA2 uncertainty,0.22429906542056074,5.218066840046746
RICA2 uncertainty,0.22563417890520696,5.221541557893064
RICA2 uncertainty,0.22696929238985314,5.246404616372546
RICA2 uncertainty,0.22830440587449932,5.224846445847494
RICA2 uncertainty,0.22963951935914553,5.3156162718657445
RICA2 uncertainty,0.23097463284379172,5.30239970832632
RICA2 uncertainty,0.23230974632843793,5.320121036251552
RICA2 uncertainty,0.2336448598130841,5.327678969591851
RICA2 uncertainty,0.2349799732977303,5.340759814941235
RICA2 uncertainty,0.2363150867823765,5.344841573000117
RICA2 uncertainty,0.2376502002670227,5.332341134652825
RICA2 uncertainty,0.2389853137516689,5.384522118286209
RICA2 uncertainty,0.24032042723631508,5.356173630725173
RICA2 uncertainty,0.2416555407209613,5.380731487179489
RICA2 uncertainty,0.24299065420560748,5.361907033511729
RICA2 uncertainty,0.24432576769025366,5.373466816271747
RICA2 uncertainty,0.24566088117489987,5.36354809886492
RICA2 uncertainty,0.24699599465954605,5.344447986986986
RICA2 uncertainty,0.24833110814419226,5.3685076006838335
RICA2 uncertainty,0.24966622162883845,5.35628454865698
RICA2 uncertainty,0.25100133511348466,5.340879608987964
RICA2 uncertainty,0.2523364485981308,5.323601251253212
RICA2 uncertainty,0.253671562082777,5.298497932408196
RICA2 uncertainty,0.25500667556742324,5.2838139235622235
RICA2 uncertainty,0.25634178905206945,5.279361955790465
RICA2 uncertainty,0.2576769025367156,5.289083283213132
RICA2 uncertainty,0.2590120160213618,5.275726340434596
RICA2 uncertainty,0.260347129506008,5.2527199407265694
RICA2 uncertainty,0.2616822429906542,5.319938183271759
RICA2 uncertainty,0.2630173564753004,5.305119426253479
RICA2 uncertainty,0.2643524699599466,5.288562128173578
RICA2 uncertainty,0.2656875834445928,5.319087971035555
RICA2 uncertainty,0.26702269692923897,5.319995951056476
RICA2 uncertainty,0.2683578104138852,5.329255732849458
RICA2 uncertainty,0.2696929238985314,5.308678713529413
RICA2 uncertainty,0.27102803738317754,5.334207274173864
RICA2 uncertainty,0.27236315086782376,5.312440491657627
RICA2 uncertainty,0.27369826435246997,5.289615516662594
RICA2 uncertainty,0.2750333778371162,5.2939622781809055
RICA2 uncertainty,0.27636849132176233,5.309010601306446
RICA2 uncertainty,0.27770360480640854,5.329710316002508
RICA2 uncertainty,0.27903871829105475,5.344109980886771
RICA2 uncertainty,0.2803738317757009,5.419070094288101
RICA2 uncertainty,0.2817089452603471,5.413342659256608
RICA2 uncertainty,0.28304405874499333,5.419435482517865
RICA2 uncertainty,0.28437917222963954,5.410400403025141
RICA2 uncertainty,0.2857142857142857,5.386854488914395
RICA2 uncertainty,0.2870493991989319,5.380721195745604
RICA2 uncertainty,0.2883845126835781,5.379010531254524
RICA2 uncertainty,0.2897196261682243,5.378721484229446
RICA2 uncertainty,0.2910547396528705,5.362299039474592
RICA2 uncertainty,0.2923898531375167,5.340605472409287
RICA2 uncertainty,0.2937249666221629,5.341224376268005
RICA2 uncertainty,0.29506008010680906,5.35455440496562
RICA2 uncertainty,0.2963951935914553,5.35748196542934
RICA2 uncertainty,0.2977303070761015,5.374595603680928
RICA2 uncertainty,0.29906542056074764,5.383920221722549
RICA2 uncertainty,0.30040053404539385,5.363985534621606
RICA2 uncertainty,0.30173564753004006,5.371966680126113
RICA2 uncertainty,0.3030707610146863,5.379171174377331
RICA2 uncertainty,0.30440587449933243,5.3945611422064506
RICA2 uncertainty,0.30574098798397864,5.455418496471563
RICA2 uncertainty,0.30707610146862485,5.451334174929752
RICA2 uncertainty,0.308411214953271,5.428016103507376
RICA2 uncertainty,0.3097463284379172,5.4711597079668035
RICA2 uncertainty,0.31108144192256343,5.474327646387746
RICA2 uncertainty,0.31241655540720964,5.489103688280549
RICA2 uncertainty,0.3137516688918558,5.471465501322388
RICA2 uncertainty,0.315086782376502,5.4719758333733
RICA2 uncertainty,0.3164218958611482,5.459918143773127
RICA2 uncertainty,0.3177570093457944,5.443373835644048
RICA2 uncertainty,0.3190921228304406,5.425758299593144
RICA2 uncertainty,0.3204272363150868,5.467716961229838
RICA2 uncertainty,0.32176234979973295,5.465202585715968
RICA2 uncertainty,0.32309746328437916,5.463948105411093
RICA2 uncertainty,0.32443257676902537,5.468346077645264
RICA2 uncertainty,0.3257676902536716,5.462377746958955
RICA2 uncertainty,0.32710280373831774,5.448750201037949
RICA2 uncertainty,0.32843791722296395,5.440355793023252
RICA2 uncertainty,0.32977303070761016,5.426558456910764
RICA2 uncertainty,0.3311081441922563,5.410755221245267
RICA2 uncertainty,0.3324432576769025,5.421087734724382
RICA2 uncertainty,0.33377837116154874,5.425383136653898
RICA2 uncertainty,0.33511348464619495,5.422160667008848
RICA2 uncertainty,0.3364485981308411,5.414820253925898
RICA2 uncertainty,0.3377837116154873,5.420386017623388
RICA2 uncertainty,0.3391188251001335,5.410937208116169
RICA2 uncertainty,0.3404539385847797,5.444601784815974
RICA2 uncertainty,0.3417890520694259,5.433721446775596
RICA2 uncertainty,0.3431241655540721,5.430744234394236
RICA2 uncertainty,0.3444592790387183,5.52039748563958
RICA2 uncertainty,0.34579439252336447,5.501863227367514
RICA2 uncertainty,0.3471295060080107,5.518189784732574
RICA2 uncertainty,0.3484646194926569,5.501537910100941
RICA2 uncertainty,0.34979973297730305,5.53347874473183
RICA2 uncertainty,0.35113484646194926,5.51315438297538
RICA2 uncertainty,0.35246995994659547,5.5148756434237844
RICA2 uncertainty,0.3538050734312417,5.503273978775963
RICA2 uncertainty,0.35514018691588783,5.498174608988979
RICA2 uncertainty,0.35647530040053405,5.486700688444829
RICA2 uncertainty,0.35781041388518026,5.501545368438001
RICA2 uncertainty,0.3591455273698264,5.524978742731879
RICA2 uncertainty,0.3604806408544726,5.527780230053596
RICA2 uncertainty,0.36181575433911883,5.507883393530805
RICA2 uncertainty,0.36315086782376504,5.515759840040631
RICA2 uncertainty,0.3644859813084112,5.529307584887567
RICA2 uncertainty,0.3658210947930574,5.727043489385803
RICA2 uncertainty,0.3671562082777036,5.724418881083076
RICA2 uncertainty,0.3684913217623498,5.710710354351802
RICA2 uncertainty,0.369826435246996,5.694119174461071
RICA2 uncertainty,0.3711615487316422,5.677513277109899
RICA2 uncertainty,0.3724966622162884,5.675468197609146
RICA2 uncertainty,0.37383177570093457,5.65784496440419
RICA2 uncertainty,0.3751668891855808,5.671973683764606
RICA2 uncertainty,0.376502002670227,5.6861351885033615
RICA2 uncertainty,0.37783711615487314,5.6709348850268135
RICA2 uncertainty,0.37917222963951935,5.654633997976254
RICA2 uncertainty,0.38050734312416556,5.777694764532017
RICA2 uncertainty,0.3818424566088118,5.764121450887588
RICA2 uncertainty,0.38317757009345793,5.748460720186137
RICA2 uncertainty,0.38451268357810414,5.7446528776264225
RICA2 uncertainty,0.38584779706275035,5.725542461008452
RICA2 uncertainty,0.3871829105473965,5.772680028350702
RICA2 uncertainty,0.3885180240320427,5.790584011998066
RICA2 uncertainty,0.38985313751668893,5.80862555781711
RICA2 uncertainty,0.39118825100133514,5.798527871761406
RICA2 uncertainty,0.3925233644859813,5.783069587688969
RICA2 uncertainty,0.3938584779706275,5.790014894001058
RICA2 uncertainty,0.3951935914552737,5.812395933081672
RICA2 uncertainty,0.3965287049399199,5.813016848203408
RICA2 uncertainty,0.3978638184245661,5.831077055075523
RICA2 uncertainty,0.3991989319092123,5.8167268874877465
RICA2 uncertainty,0.40053404539385845,5.809244236854214
RICA2 uncertainty,0.40186915887850466,5.7951446889519085
RICA2 uncertainty,0.4032042723631509,5.78180255271889
RICA2 uncertainty,0.4045393858477971,5.7827298017101905
RICA2 uncertainty,0.40587449933244324,5.768462311792628
RICA2 uncertainty,0.40720961281708945,5.7703610262958716
RICA2 uncertainty,0.40854472630173566,5.764474753134584
RICA2 uncertainty,0.4098798397863818,5.750260393607887
RICA2 uncertainty,0.411214953271028,5.7474324413901785
RICA2 uncertainty,0.41255006675567424,5.750586157670683
RICA2 uncertainty,0.41388518024032045,5.765445798250935
RICA2 uncertainty,0.4152202937249666,5.802689419945527
RICA2 uncertainty,0.4165554072096128,5.803959940225839
RICA2 uncertainty,0.417890520694259,5.801663124099515
RICA2 uncertainty,0.4192256341789052,5.819309667070769
RICA2 uncertainty,0.4205607476635514,5.830004047179032
RICA2 uncertainty,0.4218958611481976,5.833599478765567
RICA2 uncertainty,0.4232309746328438,5.815434190861246
RICA2 uncertainty,0.42456608811748997,5.874501554766353
RICA2 uncertainty,0.4259012016021362,5.859739856534056
RICA2 uncertainty,0.4272363150867824,5.843664571666158
RICA2 uncertainty,0.42857142857142855,5.836306267461486
RICA2 uncertainty,0.42990654205607476,5.821247049451151
RICA2 uncertainty,0.43124165554072097,5.850629918178076
RICA2 uncertainty,0.4325767690253672,5.858684337394381
RICA2 uncertainty,0.43391188251001334,5.844668010232541
RICA2 uncertainty,0.43524699599465955,5.836688619063584
RICA2 uncertainty,0.43658210947930576,5.85411157017682
RICA2 uncertainty,0.4379172229639519,5.853156208846627
RICA2 uncertainty,0.4392523364485981,5.839409380059656
RICA2 uncertainty,0.44058744993324434,5.826828692419963
RICA2 uncertainty,0.44192256341789055,5.884274134305489
RICA2 uncertainty,0.4432576769025367,5.879982240563147
RICA2 uncertainty,0.4445927903871829,5.901725273521187
RICA2 uncertainty,0.4459279038718291,5.979112921849251
RICA2 uncertainty,0.4472630173564753,5.974474520489796
RICA2 uncertainty,0.4485981308411215,6.049039445278634
RICA2 uncertainty,0.4499332443257677,6.044130899970716
RICA2 uncertainty,0.4512683578104139,6.059795554891759
RICA2 uncertainty,0.45260347129506007,6.044370952911433
RICA2 uncertainty,0.4539385847797063,6.033855269449599
RICA2 uncertainty,0.4552736982643525,6.027433182864158
RICA2 uncertainty,0.45660881174899864,6.057299369723041
RICA2 uncertainty,0.45794392523364486,6.057563903981239
RICA2 uncertainty,0.45927903871829107,6.130846098404552
RICA2 uncertainty,0.4606141522029373,6.151973035751478
RICA2 uncertainty,0.46194926568758343,6.1434170361901135
RICA2 uncertainty,0.46328437917222964,6.158505608979023
RICA2 uncertainty,0.46461949265687585,6.146956554012609
RICA2 uncertainty,0.465954606141522,6.154525234663598
RICA2 uncertainty,0.4672897196261682,6.137149774032193
RICA2 uncertainty,0.46862483311081443,6.128568261208231
RICA2 uncertainty,0.4699599465954606,6.120215465983758
RICA2 uncertainty,0.4712950600801068,6.113196449990863
RICA2 uncertainty,0.472630173564753,6.100245599027955
RICA2 uncertainty,0.4739652870493992,6.096021671169452
RICA2 uncertainty,0.4753004005340454,6.083905816938562
RICA2 uncertainty,0.4766355140186916,6.083128801503896
RICA2 uncertainty,0.4779706275033378,6.0937223061380195
RICA2 uncertainty,0.47930574098798395,6.07806337456289
RICA2 uncertainty,0.48064085447263016,6.070060232865522
RICA2 uncertainty,0.4819759679572764,6.053896264542216
RICA2 uncertainty,0.4833110814419226,6.0554193004103425
RICA2 uncertainty,0.48464619492656874,6.0431913235260195
RICA2 uncertainty,0.48598130841121495,6.0320881943169296
RICA2 uncertainty,0.48731642189586116,6.017964214686867
RICA2 uncertainty,0.4886515353805073,6.020252654766817
RICA2 uncertainty,0.48998664886515353,6.017817051883493
RICA2 uncertainty,0.49132176234979974,6.012222804727397
RICA2 uncertainty,0.49265687583444595,6.0245072983901915
RICA2 uncertainty,0.4939919893190921,6.01702486689731
RICA2 uncertainty,0.4953271028037383,6.001132317022934
RICA2 uncertainty,0.49666221628838453,5.994253528366285
RICA2 uncertainty,0.4979973297730307,5.988356364636055
RICA2 uncertainty,0.4993324432576769,5.980746085320047
RICA2 uncertainty,0.5006675567423231,5.967071521885991
RICA2 uncertainty,0.5020026702269693,5.962402463474291
RICA2 uncertainty,0.5033377837116155,5.948306496745514
RICA2 uncertainty,0.5046728971962616,5.932719349951617
RICA2 uncertainty,0.5060080106809078,5.918096496345461
RICA2 uncertainty,0.507343124165554,5.913884693238884
RICA2 uncertainty,0.5086782376502003,5.924085408839302
RICA2 uncertainty,0.5100133511348465,5.923887877773825
RICA2 uncertainty,0.5113484646194927,5.927913159637592
RICA2 uncertainty,0.5126835781041389,5.934924127618433
RICA2 uncertainty,0.514018691588785,5.923863467198493
RICA2 uncertainty,0.5153538050734312,5.910053641665437
RICA2 uncertainty,0.5166889185580774,5.897907718647012
RICA2 uncertainty,0.5180240320427236,5.88967311622767
RICA2 uncertainty,0.5193591455273698,5.876020069363454
RICA2 uncertainty,0.520694259012016,5.884625108189118
RICA2 uncertainty,0.5220293724966623,5.876504024078742
RICA2 uncertainty,0.5233644859813084,5.8878489078769505
RICA2 uncertainty,0.5246995994659546,5.875438321625041
RICA2 uncertainty,0.5260347129506008,5.870322714771149
RICA2 uncertainty,0.527369826435247,5.907708652306773
RICA2 uncertainty,0.5287049399198932,5.917796483845309
RICA2 uncertainty,0.5300400534045394,5.924059921663151
RICA2 uncertainty,0.5313751668891856,5.911651301292806
RICA2 uncertainty,0.5327102803738317,5.8976517333708385
RICA2 uncertainty,0.5340453938584779,5.887350013489463
RICA2 uncertainty,0.5353805073431241,5.88138441874741
RICA2 uncertainty,0.5367156208277704,5.92440210627772
RICA2 uncertainty,0.5380507343124166,5.9602185673462635
RICA2 uncertainty,0.5393858477970628,5.977846822698261
RICA2 uncertainty,0.540720961281709,5.967655707809846
RICA2 uncertainty,0.5420560747663551,5.955761479423589
RICA2 uncertainty,0.5433911882510013,5.945120958762944
RICA2 uncertainty,0.5447263017356475,5.934809965219021
RICA2 uncertainty,0.5460614152202937,5.924061866096041
RICA2 uncertainty,0.5473965287049399,5.915152322746814
RICA2 uncertainty,0.5487316421895861,5.92925362229728
RICA2 uncertainty,0.5500667556742324,5.9198371227166975
RICA2 uncertainty,0.5514018691588785,5.907864001880943
RICA2 uncertainty,0.5527369826435247,5.904187103663774
RICA2 uncertainty,0.5540720961281709,5.931666259166526
RICA2 uncertainty,0.5554072096128171,5.93180430222428
RICA2 uncertainty,0.5567423230974633,5.942567434853894
RICA2 uncertainty,0.5580774365821095,5.93915609441858
RICA2 uncertainty,0.5594125500667557,5.925319194861805
RICA2 uncertainty,0.5607476635514018,5.926346324125747
RICA2 uncertainty,0.562082777036048,5.94017907152815
RICA2 uncertainty,0.5634178905206942,5.944321301237489
RICA2 uncertainty,0.5647530040053405,5.9432099877366555
RICA2 uncertainty,0.5660881174899867,5.933222195216682
RICA2 uncertainty,0.5674232309746329,5.945270037593735
RICA2 uncertainty,0.5687583444592791,5.95263719889497
RICA2 uncertainty,0.5700934579439252,5.9494686604162075
RICA2 uncertainty,0.5714285714285714,5.94178159119979
RICA2 uncertainty,0.5727636849132176,5.940106043807102
RICA2 uncertainty,0.5740987983978638,5.93079350175951
RICA2 uncertainty,0.57543391188251,5.92333871215772
RICA2 uncertainty,0.5767690253671562,5.928763601498298
RICA2 uncertainty,0.5781041388518025,5.928290742142405
RICA2 uncertainty,0.5794392523364486,5.916273351647646
RICA2 uncertainty,0.5807743658210948,5.907683247316328
RICA2 uncertainty,0.582109479305741,5.904709548190953
RICA2 uncertainty,0.5834445927903872,5.893985054560636
RICA2 uncertainty,0.5847797062750334,5.883591181293776
RICA2 uncertainty,0.5861148197596796,5.87716319364557
RICA2 uncertainty,0.5874499332443258,5.869257461745461
RICA2 uncertainty,0.5887850467289719,5.85854527666641
RICA2 uncertainty,0.5901201602136181,5.845369429639393
RICA2 uncertainty,0.5914552736982643,5.884044387472907
RICA2 uncertainty,0.5927903871829105,5.8853646832783415
RICA2 uncertainty,0.5941255006675568,5.886442783400751
RICA2 uncertainty,0.595460614152203,5.879550680744842
RICA2 uncertainty,0.5967957276368492,5.869350256360651
RICA2 uncertainty,0.5981308411214953,5.882891936837862
RICA2 uncertainty,0.5994659546061415,5.8779095047265955
RICA2 uncertainty,0.6008010680907877,5.903848260931008
RICA2 uncertainty,0.6021361815754339,5.912272909826655
RICA2 uncertainty,0.6034712950600801,5.900032128002494
RICA2 uncertainty,0.6048064085447263,5.895307833062728
RICA2 uncertainty,0.6061415220293725,5.889332208547265
RICA2 uncertainty,0.6074766355140186,5.885672791873197
RICA2 uncertainty,0.6088117489986649,5.90565889026888
RICA2 uncertainty,0.6101468624833111,5.91958050237883
RICA2 uncertainty,0.6114819759679573,5.91596910644225
RICA2 uncertainty,0.6128170894526035,5.910004704958052
RICA2 uncertainty,0.6141522029372497,5.901677598653119
RICA2 uncertainty,0.6154873164218959,5.900030139052591
RICA2 uncertainty,0.616822429906542,5.888940225015375
RICA2 uncertainty,0.6181575433911882,5.937050785613016
RICA2 uncertainty,0.6194926568758344,5.943184134880692
RICA2 uncertainty,0.6208277703604806,5.956338506785934
RICA2 uncertainty,0.6221628838451269,5.953872327841819
RICA2 uncertainty,0.6234979973297731,5.971772497644613
RICA2 uncertainty,0.6248331108144193,5.971332823709131
RICA2 uncertainty,0.6261682242990654,5.968432535140087
RICA2 uncertainty,0.6275033377837116,5.967963008612236
RICA2 uncertainty,0.6288384512683578,5.956385230418066
RICA2 uncertainty,0.630173564753004,5.9483341763249085
RICA2 uncertainty,0.6315086782376502,5.937539595042141
RICA2 uncertainty,0.6328437917222964,5.944746945834079
RICA2 uncertainty,0.6341789052069426,5.9655579024815255
RICA2 uncertainty,0.6355140186915887,5.963408783393905
RICA2 uncertainty,0.636849132176235,6.015828346412168
RICA2 uncertainty,0.6381842456608812,6.006141127407021
RICA2 uncertainty,0.6395193591455274,6.063035627466497
RICA2 uncertainty,0.6408544726301736,6.056868469017713
RICA2 uncertainty,0.6421895861148198,6.108696472252451
RICA2 uncertainty,0.6435246995994659,6.11295642277249
RICA2 uncertainty,0.6448598130841121,6.109434602601959
RICA2 uncertainty,0.6461949265687583,6.120720763565618
RICA2 uncertainty,0.6475300400534045,6.1403319970536785
RICA2 uncertainty,0.6488651535380507,6.2159099658417665
RICA2 uncertainty,0.650200267022697,6.21619308935681
RICA2 uncertainty,0.6515353805073432,6.207899591579697
RICA2 uncertainty,0.6528704939919893,6.214746502784894
RICA2 uncertainty,0.6542056074766355,6.2238850850774625
RICA2 uncertainty,0.6555407209612817,6.217030744977948
RICA2 uncertainty,0.6568758344459279,6.219824298142145
RICA2 uncertainty,0.6582109479305741,6.208370941190793
RICA2 uncertainty,0.6595460614152203,6.202263223506088
RICA2 uncertainty,0.6608811748998665,6.206716233979121
RICA2 uncertainty,0.6622162883845126,6.2590005701343205
RICA2 uncertainty,0.6635514018691588,6.258533044671659
RICA2 uncertainty,0.664886515353805,6.248333018218807
RICA2 uncertainty,0.6662216288384513,6.239983301987062
RICA2 uncertainty,0.6675567423230975,6.238607693668754
RICA2 uncertainty,0.6688918558077437,6.233739278995973
RICA2 uncertainty,0.6702269692923899,6.225079467752688
RICA2 uncertainty,0.671562082777036,6.216451651618832
RICA2 uncertainty,0.6728971962616822,6.204351959031163
RICA2 uncertainty,0.6742323097463284,6.2006790579393645
RICA2 uncertainty,0.6755674232309746,6.190550005194019
RICA2 uncertainty,0.6769025367156208,6.189691301880062
RICA2 uncertainty,0.678237650200267,6.178384431330267
RICA2 uncertainty,0.6795727636849133,6.172360287986271
RICA2 uncertainty,0.6809078771695594,6.175345652371206
RICA2 uncertainty,0.6822429906542056,6.172581678642481
RICA2 uncertainty,0.6835781041388518,6.167330814341112
RICA2 uncertainty,0.684913217623498,6.164648266751427
RICA2 uncertainty,0.6862483311081442,6.175602492863015
RICA2 uncertainty,0.6875834445927904,6.1636689942312755
RICA2 uncertainty,0.6889185580774366,6.156659344744456
RICA2 uncertainty,0.6902536715620827,6.148907168934866
RICA2 uncertainty,0.6915887850467289,6.167613680205203
RICA2 uncertainty,0.6929238985313751,6.171239776325506
RICA2 uncertainty,0.6942590120160214,6.167778120730501
RICA2 uncertainty,0.6955941255006676,6.162364815371878
RICA2 uncertainty,0.6969292389853138,6.1545005224092755
RICA2 uncertainty,0.69826435246996,6.165944352876073
RICA2 uncertainty,0.6995994659546061,6.1594171255703225
RICA2 uncertainty,0.7009345794392523,6.148585682992848
RICA2 uncertainty,0.7022696929238985,6.140353829902755
RICA2 uncertainty,0.7036048064085447,6.136986188631949
RICA2 uncertainty,0.7049399198931909,6.133614919113529
RICA2 uncertainty,0.7062750333778371,6.129764810958435
RICA2 uncertainty,0.7076101468624834,6.12192052749994
RICA2 uncertainty,0.7089452603471295,6.119680823188294
RICA2 uncertainty,0.7102803738317757,6.109520538147481
RICA2 uncertainty,0.7116154873164219,6.100204967883943
RICA2 uncertainty,0.7129506008010681,6.111557474170534
RICA2 uncertainty,0.7142857142857143,6.124353063180763
RICA2 uncertainty,0.7156208277703605,6.12124926741902
RICA2 uncertainty,0.7169559412550067,6.123236228531603
RICA2 uncertainty,0.7182910547396528,6.125952511624636
RICA2 uncertainty,0.719626168224299,6.130056917424518
RICA2 uncertainty,0.7209612817089452,6.153139389974513
RICA2 uncertainty,0.7222963951935915,6.15218294999309
RICA2 uncertainty,0.7236315086782377,6.147764711589637
RICA2 uncertainty,0.7249666221628839,6.141001315638971
RICA2 uncertainty,0.7263017356475301,6.1403279522889935
RICA2 uncertainty,0.7276368491321762,6.134625105219832
RICA2 uncertainty,0.7289719626168224,6.127117252138753
RICA2 uncertainty,0.7303070761014686,6.119714760531481
RICA2 uncertainty,0.7316421895861148,6.117206886010039
RICA2 uncertainty,0.732977303070761,6.114199693885467
RICA2 uncertainty,0.7343124165554072,6.107445517335831
RICA2 uncertainty,0.7356475300400535,6.099024377345849
RICA2 uncertainty,0.7369826435246996,6.088007483341582
RICA2 uncertainty,0.7383177570093458,6.083472739075585
RICA2 uncertainty,0.739652870493992,6.081428996868001
RICA2 uncertainty,0.7409879839786382,6.081041868524105
RICA2 uncertainty,0.7423230974632844,6.070973658099797
RICA2 uncertainty,0.7436582109479306,6.0615349427337755
RICA2 uncertainty,0.7449933244325768,6.06552153538325
RICA2 uncertainty,0.7463284379172229,6.055014301958178
RICA2 uncertainty,0.7476635514018691,6.053052154911549
RICA2 uncertainty,0.7489986648865153,6.050278530689935
RICA2 uncertainty,0.7503337783711616,6.048968096296584
RICA2 uncertainty,0.7516688918558078,6.0423928772462245
RICA2 uncertainty,0.753004005340454,6.044385992317255
RICA2 uncertainty,0.7543391188251002,6.0427240788901
RICA2 uncertainty,0.7556742323097463,6.047161112493134
RICA2 uncertainty,0.7570093457943925,6.04486759516468
RICA2 uncertainty,0.7583444592790387,6.050548242086702
RICA2 uncertainty,0.7596795727636849,6.044567301876332
RICA2 uncertainty,0.7610146862483311,6.04442540971242
RICA2 uncertainty,0.7623497997329773,6.034795399696913
RICA2 uncertainty,0.7636849132176236,6.030260779029083
RICA2 uncertainty,0.7650200267022697,6.025416423019288
RICA2 uncertainty,0.7663551401869159,6.029815939777897
RICA2 uncertainty,0.7676902536715621,6.032009685778488
RICA2 uncertainty,0.7690253671562083,6.024474243879602
RICA2 uncertainty,0.7703604806408545,6.0272711708603275
RICA2 uncertainty,0.7716955941255007,6.0243754630274164
RICA2 uncertainty,0.7730307076101469,6.020070573582421
RICA2 uncertainty,0.774365821094793,6.013852949787702
RICA2 uncertainty,0.7757009345794392,6.008409528642405
RICA2 uncertainty,0.7770360480640854,5.999102233522203
RICA2 uncertainty,0.7783711615487316,5.994133161959553
RICA2 uncertainty,0.7797062750333779,5.995356404809791
RICA2 uncertainty,0.7810413885180241,5.991361340485959
RICA2 uncertainty,0.7823765020026703,6.006683590942453
RICA2 uncertainty,0.7837116154873164,5.9979570445546555
RICA2 uncertainty,0.7850467289719626,5.993975742167989
RICA2 uncertainty,0.7863818424566088,5.9873107076188345
RICA2 uncertainty,0.787716955941255,5.992450703869053
RICA2 uncertainty,0.7890520694259012,5.99025174642111
RICA2 uncertainty,0.7903871829105474,5.991141125454467
RICA2 uncertainty,0.7917222963951935,5.998115676810202
RICA2 uncertainty,0.7930574098798397,5.9956788229098175
RICA2 uncertainty,0.794392523364486,6.005734339689883
RICA2 uncertainty,0.7957276368491322,5.99624543474062
RICA2 uncertainty,0.7970627503337784,5.98890668104629
RICA2 uncertainty,0.7983978638184246,5.9872116721036495
RICA2 uncertainty,0.7997329773030708,5.98197557113617
RICA2 uncertainty,0.8010680907877169,5.989506559304024
RICA2 uncertainty,0.8024032042723631,5.988833054968725
RICA2 uncertainty,0.8037383177570093,5.999183466967778
RICA2 uncertainty,0.8050734312416555,5.989904245236644
RICA2 uncertainty,0.8064085447263017,5.9847144452019885
RICA2 uncertainty,0.807743658210948,5.976330907824242
RICA2 uncertainty,0.8090787716955942,5.9701305527268325
RICA2 uncertainty,0.8104138851802403,5.961580528003798
RICA2 uncertainty,0.8117489986648865,5.953923608976981
RICA2 uncertainty,0.8130841121495327,5.948514848895287
RICA2 uncertainty,0.8144192256341789,5.950903501077389
RICA2 uncertainty,0.8157543391188251,5.942219175553582
RICA2 uncertainty,0.8170894526034713,5.941065082252636
RICA2 uncertainty,0.8184245660881175,5.945093942900686
RICA2 uncertainty,0.8197596795727636,5.948461858410425
RICA2 uncertainty,0.8210947930574098,5.94086356876306
RICA2 uncertainty,0.822429906542056,5.937332638884931
RICA2 uncertainty,0.8237650200267023,5.9341419997088
RICA2 uncertainty,0.8251001335113485,5.934138822984373
RICA2 uncertainty,0.8264352469959947,5.924979442432764
RICA2 uncertainty,0.8277703604806409,5.926400299767934
RICA2 uncertainty,0.829105473965287,5.928211784674374
RICA2 uncertainty,0.8304405874499332,5.925411429540929
RICA2 uncertainty,0.8317757009345794,5.919254022170438
RICA2 uncertainty,0.8331108144192256,5.916641529246042
RICA2 uncertainty,0.8344459279038718,5.91057679985392
RICA2 uncertainty,0.835781041388518,5.919927600803204
RICA2 uncertainty,0.8371161548731643,5.924766206994319
RICA2 uncertainty,0.8384512683578104,5.929976933725818
RICA2 uncertainty,0.8397863818424566,5.93259942738745
RICA2 uncertainty,0.8411214953271028,5.930076484597272
RICA2 uncertainty,0.842456608811749,5.926476265003465
RICA2 uncertainty,0.8437917222963952,5.9173104536895265
RICA2 uncertainty,0.8451268357810414,5.911957641621407
RICA2 uncertainty,0.8464619492656876,5.9075544401179485
RICA2 uncertainty,0.8477970627503337,5.909827690254632
RICA2 uncertainty,0.8491321762349799,5.90247947204284
RICA2 uncertainty,0.8504672897196262,5.897003835934321
RICA2 uncertainty,0.8518024032042724,5.8965573263006
RICA2 uncertainty,0.8531375166889186,5.8916232232230605
RICA2 uncertainty,0.8544726301735648,5.884151924120845
RICA2 uncertainty,0.855807743658211,5.875053771447955
RICA2 uncertainty,0.8571428571428571,5.867274719765556
RICA2 uncertainty,0.8584779706275033,5.860232783537562
RICA2 uncertainty,0.8598130841121495,5.856252578973239
RICA2 uncertainty,0.8611481975967957,5.852651317878403
RICA2 uncertainty,0.8624833110814419,5.8508512127359085
RICA2 uncertainty,0.8638184245660881,5.853185293282134
RICA2 uncertainty,0.8651535380507344,5.854788680251022
RICA2 uncertainty,0.8664886515353805,5.8502794712163135
RICA2 uncertainty,0.8678237650200267,5.8518518622188616
RICA2 uncertainty,0.8691588785046729,5.858453601347297
RICA2 uncertainty,0.8704939919893191,5.8840854744319495
RICA2 uncertainty,0.8718291054739653,5.879585078624612
RICA2 uncertainty,0.8731642189586115,5.886669493684323
RICA2 uncertainty,0.8744993324432577,5.896143914400962
RICA2 uncertainty,0.8758344459279038,5.887427292779066
RICA2 uncertainty,0.87716955941255,5.897760006795712
RICA2 uncertainty,0.8785046728971962,5.900354963577378
RICA2 uncertainty,0.8798397863818425,5.893799711890598
RICA2 uncertainty,0.8811748998664887,5.8903604154267315
RICA2 uncertainty,0.8825100133511349,5.887295429079529
RICA2 uncertainty,0.8838451268357811,5.879154624765305
RICA2 uncertainty,0.8851802403204272,5.871476934016492
RICA2 uncertainty,0.8865153538050734,5.873481826776055
RICA2 uncertainty,0.8878504672897196,5.884021064661612
RICA2 uncertainty,0.8891855807743658,5.904012709856145
RICA2 uncertainty,0.890520694259012,5.913909669394816
RICA2 uncertainty,0.8918558077436582,5.905179581858196
RICA2 uncertainty,0.8931909212283045,5.897728050557064
RICA2 uncertainty,0.8945260347129506,5.892440090135073
RICA2 uncertainty,0.8958611481975968,5.890341120745248
RICA2 uncertainty,0.897196261682243,5.888597761014853
RICA2 uncertainty,0.8985313751668892,5.88378050430491
RICA2 uncertainty,0.8998664886515354,5.876616044033108
RICA2 uncertainty,0.9012016021361816,5.878016405140139
RICA2 uncertainty,0.9025367156208278,5.873668781616917
RICA2 uncertainty,0.9038718291054739,5.8689084417619455
RICA2 uncertainty,0.9052069425901201,5.865570853456832
RICA2 uncertainty,0.9065420560747663,5.85942495449708
RICA2 uncertainty,0.9078771695594126,5.854149739957798
RICA2 uncertainty,0.9092122830440588,5.85029931351816
RICA2 uncertainty,0.910547396528705,5.845060787138767
RICA2 uncertainty,0.9118825100133512,5.848064007683061
RICA2 uncertainty,0.9132176234979973,5.847796764583681
RICA2 uncertainty,0.9145527369826435,5.841881743195174
RICA2 uncertainty,0.9158878504672897,5.839059712553923
RICA2 uncertainty,0.9172229639519359,5.831362886887688
RICA2 uncertainty,0.9185580774365821,5.82767238661376
RICA2 uncertainty,0.9198931909212283,5.826387700884344
RICA2 uncertainty,0.9212283044058746,5.827802613382214
RICA2 uncertainty,0.9225634178905207,5.822875231686984
RICA2 uncertainty,0.9238985313751669,5.816937332433793
RICA2 uncertainty,0.9252336448598131,5.8142332013909295
RICA2 uncertainty,0.9265687583444593,5.81705639740801
RICA2 uncertainty,0.9279038718291055,5.817217546578469
RICA2 uncertainty,0.9292389853137517,5.81316389355134
RICA2 uncertainty,0.9305740987983978,5.807633173133605
RICA2 uncertainty,0.931909212283044,5.813101929880165
RICA2 uncertainty,0.9332443257676902,5.808831922240203
RICA2 uncertainty,0.9345794392523364,5.8157121794493065
RICA2 uncertainty,0.9359145527369827,5.810289284324701
RICA2 uncertainty,0.9372496662216289,5.806351198889952
RICA2 uncertainty,0.9385847797062751,5.799386049161955
RICA2 uncertainty,0.9399198931909212,5.794788437956118
RICA2 uncertainty,0.9412550066755674,5.788475899706179
RICA2 uncertainty,0.9425901201602136,5.791478371963475
RICA2 uncertainty,0.9439252336448598,5.786591543623232
RICA2 uncertainty,0.945260347129506,5.779358525583994
RICA2 uncertainty,0.9465954606141522,5.777731778542335
RICA2 uncertainty,0.9479305740987984,5.771335416970644
RICA2 uncertainty,0.9492656875834445,5.766100208521331
RICA2 uncertainty,0.9506008010680908,5.763864274110248
RICA2 uncertainty,0.951935914552737,5.773633128645691
RICA2 uncertainty,0.9532710280373832,5.770222612028676
RICA2 uncertainty,0.9546061415220294,5.77773388938335
RICA2 uncertainty,0.9559412550066756,5.775422656717892
RICA2 uncertainty,0.9572763684913218,5.777212521548862
RICA2 uncertainty,0.9586114819759679,5.769364664716787
RICA2 uncertainty,0.9599465954606141,5.76452706425377
RICA2 uncertainty,0.9612817089452603,5.758629003958467
RICA2 uncertainty,0.9626168224299065,5.773479947878382
RICA2 uncertainty,0.9639519359145527,5.772784837765357
RICA2 uncertainty,0.965287049399199,5.778859318208213
RICA2 uncertainty,0.9666221628838452,5.777903309872694
RICA2 uncertainty,0.9679572763684913,5.7809751759928885
RICA2 uncertainty,0.9692923898531375,5.787980679617298
RICA2 uncertainty,0.9706275033377837,5.784713555645644
RICA2 uncertainty,0.9719626168224299,5.783389034210961
RICA2 uncertainty,0.9732977303070761,5.795553001478029
RICA2 uncertainty,0.9746328437917223,5.793474893413485
RICA2 uncertainty,0.9759679572763685,5.804598863789489
RICA2 uncertainty,0.9773030707610146,5.798057627021108
RICA2 uncertainty,0.9786381842456608,5.791638214823882
RICA2 uncertainty,0.9799732977303071,5.7874929064531555
RICA2 uncertainty,0.9813084112149533,5.781691927687552
RICA2 uncertainty,0.9826435246995995,5.774069783164129
RICA2 uncertainty,0.9839786381842457,5.772774378045222
RICA2 uncertainty,0.9853137516688919,5.7653362742402585
RICA2 uncertainty,0.986648865153538,5.758206272858912
RICA2 uncertainty,0.9879839786381842,5.755549607022894
RICA2 uncertainty,0.9893190921228304,5.749247217346965
RICA2 uncertainty,0.9906542056074766,5.745972693849789
RICA2 uncertainty,0.9919893190921228,5.7383518180926005
RICA2 uncertainty,0.9933244325767691,5.733594470566982
RICA2 uncertainty,0.9946595460614153,5.727742225433858
RICA2 uncertainty,0.9959946595460614,5.728201709993425
RICA2 uncertainty,0.9973297730307076,5.736605757319008
RICA2 uncertainty,0.9986648865153538,5.7318441070143145
RICA2 uncertainty,1.0,5.724603291869028
Combined exploratory priority,0.0013351134846461949,0.6482230067253099
Combined exploratory priority,0.0026702269692923898,1.7382947981357653
Combined exploratory priority,0.004005340453938585,2.664204712708802
Combined exploratory priority,0.0053404539385847796,4.082710343971854
Combined exploratory priority,0.006675567423230975,3.930078431665902
Combined exploratory priority,0.00801068090787717,3.798750676463051
Combined exploratory priority,0.009345794392523364,3.7712182328104995
Combined exploratory priority,0.010680907877169559,4.62794244978577
Combined exploratory priority,0.012016021361815754,4.212511146234141
Combined exploratory priority,0.01335113484646195,4.551784188523888
Combined exploratory priority,0.014686248331108143,4.237315488335761
Combined exploratory priority,0.01602136181575434,4.200228660491605
Combined exploratory priority,0.017356475300400534,4.066376908983175
Combined exploratory priority,0.018691588785046728,4.317316090262362
Combined exploratory priority,0.020026702269692925,4.679875863244136
Combined exploratory priority,0.021361815754339118,4.6849315145984285
Combined exploratory priority,0.022696929238985315,4.680125576783629
Combined exploratory priority,0.02403204272363151,4.740452216731178
Combined exploratory priority,0.025367156208277702,4.786330031093798
Combined exploratory priority,0.0267022696929239,4.726976215094328
Combined exploratory priority,0.028037383177570093,4.563947729127747
Combined exploratory priority,0.029372496662216287,4.3573000544851475
Combined exploratory priority,0.030707610146862484,5.073819900854773
Combined exploratory priority,0.03204272363150868,4.865113224834203
Combined exploratory priority,0.03337783711615487,4.732123773694037
Combined exploratory priority,0.03471295060080107,4.589211841987875
Combined exploratory priority,0.036048064085447265,4.422339625849767
Combined exploratory priority,0.037383177570093455,4.4172037147251615
Combined exploratory priority,0.03871829105473965,4.535695998036655
Combined exploratory priority,0.04005340453938585,4.401108897204199
Combined exploratory priority,0.04138851802403204,4.403210494378881
Combined exploratory priority,0.042723631508678236,4.280707568698562
Combined exploratory priority,0.044058744993324434,4.320223413701309
Combined exploratory priority,0.04539385847797063,4.205034865154062
Combined exploratory priority,0.04672897196261682,4.33057233199477
Combined exploratory priority,0.04806408544726302,4.547045983229245
Combined exploratory priority,0.049399198931909215,4.563656047248356
Combined exploratory priority,0.050734312416555405,4.640022225783842
Combined exploratory priority,0.0520694259012016,4.609277870704729
Combined exploratory priority,0.0534045393858478,4.494792191375046
Combined exploratory priority,0.05473965287049399,4.393316243359953
Combined exploratory priority,0.056074766355140186,4.301903253534718
Combined exploratory priority,0.05740987983978638,4.610006661515595
Combined exploratory priority,0.05874499332443257,4.615728156989946
Combined exploratory priority,0.06008010680907877,4.658326539241602
Combined exploratory priority,0.06141522029372497,4.730614029204713
Combined exploratory priority,0.06275033377837116,4.687606948179765
Combined exploratory priority,0.06408544726301736,4.626968548859778
Combined exploratory priority,0.06542056074766354,4.617977168100826
Combined exploratory priority,0.06675567423230974,4.590257811430095
Combined exploratory priority,0.06809078771695594,4.597164990010797
Combined exploratory priority,0.06942590120160214,4.586021273041572
Combined exploratory priority,0.07076101468624833,4.596515187188138
Combined exploratory priority,0.07209612817089453,4.55466288252561
Combined exploratory priority,0.07343124165554073,4.503455113622274
Combined exploratory priority,0.07476635514018691,4.473951009171349
Combined exploratory priority,0.07610146862483311,4.553704649277945
Combined exploratory priority,0.0774365821094793,4.490380475865354
Combined exploratory priority,0.0787716955941255,4.632224634961555
Combined exploratory priority,0.0801068090787717,4.937993820210297
Combined exploratory priority,0.0814419225634179,4.951710178129007
Combined exploratory priority,0.08277703604806408,4.883794899453077
Combined exploratory priority,0.08411214953271028,4.877574374822396
Combined exploratory priority,0.08544726301735647,4.824914712901226
Combined exploratory priority,0.08678237650200267,4.777186532926099
Combined exploratory priority,0.08811748998664887,4.782477439951263
Combined exploratory priority,0.08945260347129506,4.80016534594235
Combined exploratory priority,0.09078771695594126,4.761627296259736
Combined exploratory priority,0.09212283044058744,4.74710989370942
Combined exploratory priority,0.09345794392523364,4.712864744248134
Combined exploratory priority,0.09479305740987984,4.680280770266979
Combined exploratory priority,0.09612817089452604,5.056237979222916
Combined exploratory priority,0.09746328437917223,5.052825118121627
Combined exploratory priority,0.09879839786381843,5.066577720672294
Combined exploratory priority,0.10013351134846461,5.027372493185599
Combined exploratory priority,0.10146862483311081,4.963565488412583
Combined exploratory priority,0.102803738317757,4.932177493225831
Combined exploratory priority,0.1041388518024032,4.928252075018408
Combined exploratory priority,0.1054739652870494,4.910111498396985
Combined exploratory priority,0.1068090787716956,5.023677657999099
Combined exploratory priority,0.1081441922563418,5.029043494889766
Combined exploratory priority,0.10947930574098798,4.988296409085757
Combined exploratory priority,0.11081441922563418,4.975896863174367
Combined exploratory priority,0.11214953271028037,5.1011342468556204
Combined exploratory priority,0.11348464619492657,5.046365621158306
Combined exploratory priority,0.11481975967957277,5.021682201913277
Combined exploratory priority,0.11615487316421896,4.976189918283416
Combined exploratory priority,0.11748998664886515,4.9404524542374375
Combined exploratory priority,0.11882510013351134,4.908505888934552
Combined exploratory priority,0.12016021361815754,4.865538967531589
Combined exploratory priority,0.12149532710280374,4.861075521864735
Combined exploratory priority,0.12283044058744993,4.829675728996164
Combined exploratory priority,0.12416555407209613,4.904240271631749
Combined exploratory priority,0.12550066755674233,4.852942089964736
Combined exploratory priority,0.1268357810413885,4.833704472221827
Combined exploratory priority,0.12817089452603472,4.78852281369269
Combined exploratory priority,0.1295060080106809,4.757732578588209
Combined exploratory priority,0.1308411214953271,4.741616009676031
Combined exploratory priority,0.1321762349799733,4.703014889794469
Combined exploratory priority,0.13351134846461948,4.665508246822656
Combined exploratory priority,0.1348464619492657,4.62896794950313
Combined exploratory priority,0.13618157543391188,4.604908374796312
Combined exploratory priority,0.1375166889185581,4.571454857908986
Combined exploratory priority,0.13885180240320427,4.5656933507351924
Combined exploratory priority,0.14018691588785046,4.553421936514832
Combined exploratory priority,0.14152202937249667,4.517216528611925
Combined exploratory priority,0.14285714285714285,4.483194277216898
Combined exploratory priority,0.14419225634178906,4.552850117818625
Combined exploratory priority,0.14552736982643524,4.522256133542695
Combined exploratory priority,0.14686248331108145,4.5060871274173255
Combined exploratory priority,0.14819759679572764,4.483524651417325
Combined exploratory priority,0.14953271028037382,4.446881034219904
Combined exploratory priority,0.15086782376502003,4.410257959255075
Combined exploratory priority,0.15220293724966621,4.410215652715741
Combined exploratory priority,0.15353805073431243,4.376611079134371
Combined exploratory priority,0.1548731642189586,4.421881803492533
Combined exploratory priority,0.15620827770360482,4.438340678977915
Combined exploratory priority,0.157543391188251,4.410867287927007
Combined exploratory priority,0.1588785046728972,4.408228972104667
Combined exploratory priority,0.1602136181575434,4.420381837053845
Combined exploratory priority,0.16154873164218958,4.405828293241745
Combined exploratory priority,0.1628838451268358,4.370000363712917
Combined exploratory priority,0.16421895861148197,4.395891070605778
Combined exploratory priority,0.16555407209612816,4.3914137199497025
Combined exploratory priority,0.16688918558077437,4.361607328364848
Combined exploratory priority,0.16822429906542055,4.4292300878275945
Combined exploratory priority,0.16955941255006676,4.435863004035836
Combined exploratory priority,0.17089452603471295,4.643616334078833
Combined exploratory priority,0.17222963951935916,4.623508112846419
Combined exploratory priority,0.17356475300400534,4.624580781801388
Combined exploratory priority,0.17489986648865152,4.590201454180797
Combined exploratory priority,0.17623497997329773,4.68215002477169
Combined exploratory priority,0.17757009345794392,4.661538862955749
Combined exploratory priority,0.17890520694259013,4.662856889691814
Combined exploratory priority,0.1802403204272363,4.663313615264714
Combined exploratory priority,0.18157543391188252,4.634870534322278
Combined exploratory priority,0.1829105473965287,4.60824547982455
Combined exploratory priority,0.1842456608811749,4.606527605818016
Combined exploratory priority,0.1855807743658211,4.609043320566414
Combined exploratory priority,0.18691588785046728,4.641815172522194
Combined exploratory priority,0.1882510013351135,4.628390822863957
Combined exploratory priority,0.18958611481975968,4.611281628752467
Combined exploratory priority,0.1909212283044059,4.6049192798856655
Combined exploratory priority,0.19225634178905207,4.6130076767804296
Combined exploratory priority,0.19359145527369825,4.648782502023309
Combined exploratory priority,0.19492656875834447,4.629397902403995
Combined exploratory priority,0.19626168224299065,4.603920371512165
Combined exploratory priority,0.19759679572763686,4.592713659625197
Combined exploratory priority,0.19893190921228304,4.572116745894386
Combined exploratory priority,0.20026702269692923,4.5737650089919555
Combined exploratory priority,0.20160213618157544,4.549122755936043
Combined exploratory priority,0.20293724966622162,4.547862786119312
Combined exploratory priority,0.20427236315086783,4.5283287308779006
Combined exploratory priority,0.205607476635514,4.722807963125696
Combined exploratory priority,0.20694259012016022,4.733038869933734
Combined exploratory priority,0.2082777036048064,4.709592328259767
Combined exploratory priority,0.2096128170894526,4.695360789292365
Combined exploratory priority,0.2109479305740988,4.713986993864931
Combined exploratory priority,0.21228304405874499,4.760392201847435
Combined exploratory priority,0.2136181575433912,4.744841494759543
Combined exploratory priority,0.21495327102803738,4.74696489717279
Combined exploratory priority,0.2162883845126836,4.718723098785603
Combined exploratory priority,0.21762349799732977,4.744570941426818
Combined exploratory priority,0.21895861148197596,4.784779559243015
Combined exploratory priority,0.22029372496662217,4.763780658768884
Combined exploratory priority,0.22162883845126835,4.736239679202615
Combined exploratory priority,0.22296395193591456,4.738450249422809
Combined exploratory priority,0.22429906542056074,4.724786467486548
Combined exploratory priority,0.22563417890520696,4.720569230342757
Combined exploratory priority,0.22696929238985314,4.703686148357741
Combined exploratory priority,0.22830440587449932,4.697116603070531
Combined exploratory priority,0.22963951935914553,4.709878599849897
Combined exploratory priority,0.23097463284379172,4.726875121493558
Combined exploratory priority,0.23230974632843793,4.709000343159696
Combined exploratory priority,0.2336448598130841,4.693152986703598
Combined exploratory priority,0.2349799732977303,4.675663534956559
Combined exploratory priority,0.2363150867823765,4.667874368341628
Combined exploratory priority,0.2376502002670227,4.662759892875223
Combined exploratory priority,0.2389853137516689,4.677833867362756
Combined exploratory priority,0.24032042723631508,4.664928093476427
Combined exploratory priority,0.2416555407209613,4.677530213530221
Combined exploratory priority,0.24299065420560748,4.7193297575283175
Combined exploratory priority,0.24432576769025366,4.6940235658242395
Combined exploratory priority,0.24566088117489987,4.780674351017273
Combined exploratory priority,0.24699599465954605,4.8801004075303265
Combined exploratory priority,0.24833110814419226,4.90523986324748
Combined exploratory priority,0.24966622162883845,4.8820745127548495
Combined exploratory priority,0.25100133511348466,4.873080278138847
Combined exploratory priority,0.2523364485981308,4.85866601450418
Combined exploratory priority,0.253671562082777,4.852167056773838
Combined exploratory priority,0.25500667556742324,4.84061950147776
Combined exploratory priority,0.25634178905206945,4.844221247506017
Combined exploratory priority,0.2576769025367156,4.83742136785249
Combined exploratory priority,0.2590120160213618,4.859847234003629
Combined exploratory priority,0.260347129506008,4.852091330387653
Combined exploratory priority,0.2616822429906542,4.869611546258841
Combined exploratory priority,0.2630173564753004,4.88831445769005
Combined exploratory priority,0.2643524699599466,4.87906540777346
Combined exploratory priority,0.2656875834445928,4.870612477902791
Combined exploratory priority,0.26702269692923897,4.867380903622507
Combined exploratory priority,0.2683578104138852,4.845726418923679
Combined exploratory priority,0.2696929238985314,4.85108943205216
Combined exploratory priority,0.27102803738317754,4.83466989618804
Combined exploratory priority,0.27236315086782376,4.862634613823657
Combined exploratory priority,0.27369826435246997,4.855420424631456
Combined exploratory priority,0.2750333778371162,4.887840682924951
Combined exploratory priority,0.27636849132176233,4.882420248533216
Combined exploratory priority,0.27770360480640854,4.876535237342692
Combined exploratory priority,0.27903871829105475,4.880249649819574
Combined exploratory priority,0.2803738317757009,4.884267582441369
Combined exploratory priority,0.2817089452603471,4.874986717170589
Combined exploratory priority,0.28304405874499333,4.862929716898163
Combined exploratory priority,0.28437917222963954,4.855378144449891
Combined exploratory priority,0.2857142857142857,4.873688133299769
Combined exploratory priority,0.2870493991989319,4.890410492917826
Combined exploratory priority,0.2883845126835781,4.871103150789384
Combined exploratory priority,0.2897196261682243,4.854026729904012
Combined exploratory priority,0.2910547396528705,4.877061485549042
Combined exploratory priority,0.2923898531375167,4.927074681292522
Combined exploratory priority,0.2937249666221629,4.918824775783176
Combined exploratory priority,0.29506008010680906,4.93138618460001
Combined exploratory priority,0.2963951935914553,4.915782631438997
Combined exploratory priority,0.2977303070761015,4.923821754107427
Combined exploratory priority,0.29906542056074764,4.924051529014749
Combined exploratory priority,0.30040053404539385,4.908590912738111
Combined exploratory priority,0.30173564753004006,4.900678244488956
Combined exploratory priority,0.3030707610146863,4.900852012619835
Combined exploratory priority,0.30440587449933243,4.886710424257213
Combined exploratory priority,0.30574098798397864,4.868490768175198
Combined exploratory priority,0.30707610146862485,4.857858120756952
Combined exploratory priority,0.308411214953271,4.841527474594193
Combined exploratory priority,0.3097463284379172,4.837073968315561
Combined exploratory priority,0.31108144192256343,4.869984744083088
Combined exploratory priority,0.31241655540720964,4.850017489712589
Combined exploratory priority,0.3137516688918558,4.833572432370262
Combined exploratory priority,0.315086782376502,4.828586749356807
Combined exploratory priority,0.3164218958611482,4.817028774202247
Combined exploratory priority,0.3177570093457944,4.803850181451489
Combined exploratory priority,0.3190921228304406,4.802512028514714
Combined exploratory priority,0.3204272363150868,4.788346876133232
Combined exploratory priority,0.32176234979973295,4.777289955470076
Combined exploratory priority,0.32309746328437916,4.773499043344958
Combined exploratory priority,0.32443257676902537,4.818184927961953
Combined exploratory priority,0.3257676902536716,4.803594821847852
Combined exploratory priority,0.32710280373831774,4.787309166245314
Combined exploratory priority,0.32843791722296395,4.774273129398745
Combined exploratory priority,0.32977303070761016,4.759215077381385
Combined exploratory priority,0.3311081441922563,4.750779003263
Combined exploratory priority,0.3324432576769025,4.757783658740271
Combined exploratory priority,0.33377837116154874,4.760915536320804
Combined exploratory priority,0.33511348464619495,4.783078018140151
Combined exploratory priority,0.3364485981308411,4.783238803974337
Combined exploratory priority,0.3377837116154873,4.7768393757909875
Combined exploratory priority,0.3391188251001335,4.765251085778741
Combined exploratory priority,0.3404539385847797,4.800956126945859
Combined exploratory priority,0.3417890520694259,4.820883993409224
Combined exploratory priority,0.3431241655540721,4.833884416092113
Combined exploratory priority,0.3444592790387183,4.82303733433575
Combined exploratory priority,0.34579439252336447,4.812262725991746
Combined exploratory priority,0.3471295060080107,4.798636683736282
Combined exploratory priority,0.3484646194926569,4.8077922802923725
Combined exploratory priority,0.34979973297730305,4.800876565633611
Combined exploratory priority,0.35113484646194926,4.909026985429085
Combined exploratory priority,0.35246995994659547,4.90131206633015
Combined exploratory priority,0.3538050734312417,4.885631456429103
Combined exploratory priority,0.35514018691588783,4.8740251515682465
Combined exploratory priority,0.35647530040053405,4.861856778605599
Combined exploratory priority,0.35781041388518026,4.864141774545075
Combined exploratory priority,0.3591455273698264,4.875413591066811
Combined exploratory priority,0.3604806408544726,4.864945771135113
Combined exploratory priority,0.36181575433911883,4.864029156687184
Combined exploratory priority,0.36315086782376504,4.851296205296563
Combined exploratory priority,0.3644859813084112,4.947028226613888
Combined exploratory priority,0.3658210947930574,4.958351326395015
Combined exploratory priority,0.3671562082777036,4.946553135929865
Combined exploratory priority,0.3684913217623498,4.943569551892578
Combined exploratory priority,0.369826435246996,4.94683691286707
Combined exploratory priority,0.3711615487316422,4.949314856921596
Combined exploratory priority,0.3724966622162884,4.949851581749095
Combined exploratory priority,0.37383177570093457,4.941808670329195
Combined exploratory priority,0.3751668891855808,4.9289568584701335
Combined exploratory priority,0.376502002670227,4.926928486216363
Combined exploratory priority,0.37783711615487314,4.939733470514048
Combined exploratory priority,0.37917222963951935,4.9323780258734455
Combined exploratory priority,0.38050734312416556,4.957947861145462
Combined exploratory priority,0.3818424566088118,4.941079803989692
Combined exploratory priority,0.38317757009345793,4.92621239216174
Combined exploratory priority,0.38451268357810414,4.9500974986246895
Combined exploratory priority,0.38584779706275035,4.949852355413371
Combined exploratory priority,0.3871829105473965,4.962508467512912
Combined exploratory priority,0.3885180240320427,4.955976495472426
Combined exploratory priority,0.38985313751668893,4.949629999159338
Combined exploratory priority,0.39118825100133514,4.946068015282675
Combined exploratory priority,0.3925233644859813,4.961428530042877
Combined exploratory priority,0.3938584779706275,4.945247998086073
Combined exploratory priority,0.3951935914552737,4.933218272770378
Combined exploratory priority,0.3965287049399199,4.93104938443562
Combined exploratory priority,0.3978638184245661,4.9163523746886915
Combined exploratory priority,0.3991989319092123,4.911857472332225
Combined exploratory priority,0.40053404539385845,4.934057735787828
Combined exploratory priority,0.40186915887850466,4.932485180303107
Combined exploratory priority,0.4032042723631509,4.930948153969073
Combined exploratory priority,0.4045393858477971,4.922590705136162
Combined exploratory priority,0.40587449933244324,4.920128613697659
Combined exploratory priority,0.40720961281708945,4.945731659416292
Combined exploratory priority,0.40854472630173566,4.9750759913733384
Combined exploratory priority,0.4098798397863818,4.963233104512726
Combined exploratory priority,0.411214953271028,4.967709346381197
Combined exploratory priority,0.41255006675567424,4.9631177446742845
Combined exploratory priority,0.41388518024032045,4.996500957266457
Combined exploratory priority,0.4152202937249666,4.987085424904558
Combined exploratory priority,0.4165554072096128,5.077699275003889
Combined exploratory priority,0.417890520694259,5.088348020641281
Combined exploratory priority,0.4192256341789052,5.084655340969277
Combined exploratory priority,0.4205607476635514,5.070396977383465
Combined exploratory priority,0.4218958611481976,5.061175112576706
Combined exploratory priority,0.4232309746328438,5.054817315089495
Combined exploratory priority,0.42456608811748997,5.061119008251237
Combined exploratory priority,0.4259012016021362,5.050990194436804
Combined exploratory priority,0.4272363150867824,5.048939786568283
Combined exploratory priority,0.42857142857142855,5.04738740237331
Combined exploratory priority,0.42990654205607476,5.053054937219582
Combined exploratory priority,0.43124165554072097,5.068833665075962
Combined exploratory priority,0.4325767690253672,5.0579070031748685
Combined exploratory priority,0.43391188251001334,5.056863607417161
Combined exploratory priority,0.43524699599465955,5.0519107219243145
Combined exploratory priority,0.43658210947930576,5.069610132429668
Combined exploratory priority,0.4379172229639519,5.0703621970466894
Combined exploratory priority,0.4392523364485981,5.062084864444554
Combined exploratory priority,0.44058744993324434,5.049138324479713
Combined exploratory priority,0.44192256341789055,5.05553888669772
Combined exploratory priority,0.4432576769025367,5.044026000651877
Combined exploratory priority,0.4445927903871829,5.058148349425545
Combined exploratory priority,0.4459279038718291,5.071942869397604
Combined exploratory priority,0.4472630173564753,5.069374399814587
Combined exploratory priority,0.4485981308411215,5.059371458027245
Combined exploratory priority,0.4499332443257677,5.0620548921827915
Combined exploratory priority,0.4512683578104139,5.052083117803613
Combined exploratory priority,0.45260347129506007,5.044300715605504
Combined exploratory priority,0.4539385847797063,5.043267086595296
Combined exploratory priority,0.4552736982643525,5.029143510256344
Combined exploratory priority,0.45660881174899864,5.016104358957524
Combined exploratory priority,0.45794392523364486,5.002404386517605
Combined exploratory priority,0.45927903871829107,4.990995303158062
Combined exploratory priority,0.4606141522029373,5.000895326649364
Combined exploratory priority,0.46194926568758343,4.992854923158452
Combined exploratory priority,0.46328437917222964,5.043510773099034
Combined exploratory priority,0.46461949265687585,5.058226645009527
Combined exploratory priority,0.465954606141522,5.074870611090628
Combined exploratory priority,0.4672897196261682,5.072122716119884
Combined exploratory priority,0.46862483311081443,5.076106001045712
Combined exploratory priority,0.4699599465954606,5.070299666666593
Combined exploratory priority,0.4712950600801068,5.0689502891201625
Combined exploratory priority,0.472630173564753,5.097002219547237
Combined exploratory priority,0.4739652870493992,5.127261030216031
Combined exploratory priority,0.4753004005340454,5.115414372659549
Combined exploratory priority,0.4766355140186916,5.104851444365679
Combined exploratory priority,0.4779706275033378,5.093194107440346
Combined exploratory priority,0.47930574098798395,5.104295874459248
Combined exploratory priority,0.48064085447263016,5.090868865102114
Combined exploratory priority,0.4819759679572764,5.083870201939277
Combined exploratory priority,0.4833110814419226,5.081457801664977
Combined exploratory priority,0.48464619492656874,5.084763373339717
Combined exploratory priority,0.48598130841121495,5.0889404938767075
Combined exploratory priority,0.48731642189586116,5.076950912434351
Combined exploratory priority,0.4886515353805073,5.066564472032293
Combined exploratory priority,0.48998664886515353,5.054564626133652
Combined exploratory priority,0.49132176234979974,5.04387337152846
Combined exploratory priority,0.49265687583444595,5.042160753395336
Combined exploratory priority,0.4939919893190921,5.041482437577601
Combined exploratory priority,0.4953271028037383,5.059686313724581
Combined exploratory priority,0.49666221628838453,5.0613142261277595
Combined exploratory priority,0.4979973297730307,5.0723397196114215
Combined exploratory priority,0.4993324432576769,5.125197821849169
Combined exploratory priority,0.5006675567423231,5.125458552350202
Combined exploratory priority,0.5020026702269693,5.116603628310592
Combined exploratory priority,0.5033377837116155,5.113490553752022
Combined exploratory priority,0.5046728971962616,5.132417392563567
Combined exploratory priority,0.5060080106809078,5.1270886905180735
Combined exploratory priority,0.507343124165554,5.159249541714786
Combined exploratory priority,0.5086782376502003,5.151323517932509
Combined exploratory priority,0.5100133511348465,5.147382304322422
Combined exploratory priority,0.5113484646194927,5.1354872167620105
Combined exploratory priority,0.5126835781041389,5.127213166099584
Combined exploratory priority,0.514018691588785,5.125064870850992
Combined exploratory priority,0.5153538050734312,5.118248257825024
Combined exploratory priority,0.5166889185580774,5.107981941504764
Combined exploratory priority,0.5180240320427236,5.106701311461779
Combined exploratory priority,0.5193591455273698,5.124780803865591
Combined exploratory priority,0.520694259012016,5.120391062194718
Combined exploratory priority,0.5220293724966623,5.113164807071389
Combined exploratory priority,0.5233644859813084,5.111257771543625
Combined exploratory priority,0.5246995994659546,5.100538580328528
Combined exploratory priority,0.5260347129506008,5.095685396983007
Combined exploratory priority,0.527369826435247,5.094604112091319
Combined exploratory priority,0.5287049399198932,5.087973896090805
Combined exploratory priority,0.5300400534045394,5.078617971532363
Combined exploratory priority,0.5313751668891856,5.0803178947823255
Combined exploratory priority,0.5327102803738317,5.077531905740796
Combined exploratory priority,0.5340453938584779,5.084271904069555
Combined exploratory priority,0.5353805073431241,5.080228023238088
Combined exploratory priority,0.5367156208277704,5.07233003163256
Combined exploratory priority,0.5380507343124166,5.082607858311521
Combined exploratory priority,0.5393858477970628,5.092878594333949
Combined exploratory priority,0.540720961281709,5.091689142073008
Combined exploratory priority,0.5420560747663551,5.097829308059486
Combined exploratory priority,0.5433911882510013,5.092319322104315
Combined exploratory priority,0.5447263017356475,5.080005107618795
Combined exploratory priority,0.5460614152202937,5.072889256364048
Combined exploratory priority,0.5473965287049399,5.0725925497779745
Combined exploratory priority,0.5487316421895861,5.08789817583133
Combined exploratory priority,0.5500667556742324,5.087697637069933
Combined exploratory priority,0.5514018691588785,5.081959335729299
Combined exploratory priority,0.5527369826435247,5.144484893718131
Combined exploratory priority,0.5540720961281709,5.1395635650886815
Combined exploratory priority,0.5554072096128171,5.133061339748807
Combined exploratory priority,0.5567423230974633,5.123578986107087
Combined exploratory priority,0.5580774365821095,5.147135495968055
Combined exploratory priority,0.5594125500667557,5.135482385623354
Combined exploratory priority,0.5607476635514018,5.12721750434346
Combined exploratory priority,0.562082777036048,5.118744202567321
Combined exploratory priority,0.5634178905206942,5.115723301006295
Combined exploratory priority,0.5647530040053405,5.117788002827065
Combined exploratory priority,0.5660881174899867,5.117374769841091
Combined exploratory priority,0.5674232309746329,5.111794305075966
Combined exploratory priority,0.5687583444592791,5.100481836445662
Combined exploratory priority,0.5700934579439252,5.110264693567357
Combined exploratory priority,0.5714285714285714,5.119361102825081
Combined exploratory priority,0.5727636849132176,5.110159912622404
Combined exploratory priority,0.5740987983978638,5.100923724413955
Combined exploratory priority,0.57543391188251,5.102852390445507
Combined exploratory priority,0.5767690253671562,5.105747445029446
Combined exploratory priority,0.5781041388518025,5.106678439884963
Combined exploratory priority,0.5794392523364486,5.1015474549001105
Combined exploratory priority,0.5807743658210948,5.097872284518917
Combined exploratory priority,0.582109479305741,5.103297600483331
Combined exploratory priority,0.5834445927903872,5.110851567753458
Combined exploratory priority,0.5847797062750334,5.131861613547962
Combined exploratory priority,0.5861148197596796,5.133264559911294
Combined exploratory priority,0.5874499332443258,5.1218667008829355
Combined exploratory priority,0.5887850467289719,5.138996301111583
Combined exploratory priority,0.5901201602136181,5.1428036845735
Combined exploratory priority,0.5914552736982643,5.1334960223408075
Combined exploratory priority,0.5927903871829105,5.143550930617224
Combined exploratory priority,0.5941255006675568,5.173402491401418
Combined exploratory priority,0.595460614152203,5.185446882600739
Combined exploratory priority,0.5967957276368492,5.194167763740155
Combined exploratory priority,0.5981308411214953,5.1904607802782445
Combined exploratory priority,0.5994659546061415,5.194942439400935
Combined exploratory priority,0.6008010680907877,5.187159246112901
Combined exploratory priority,0.6021361815754339,5.176149452828909
Combined exploratory priority,0.6034712950600801,5.178110978369294
Combined exploratory priority,0.6048064085447263,5.181518969083856
Combined exploratory priority,0.6061415220293725,5.173157336248764
Combined exploratory priority,0.6074766355140186,5.162272632964691
Combined exploratory priority,0.6088117489986649,5.188998646453479
Combined exploratory priority,0.6101468624833111,5.196044525050228
Combined exploratory priority,0.6114819759679573,5.197809652349052
Combined exploratory priority,0.6128170894526035,5.250880435176662
Combined exploratory priority,0.6141522029372497,5.2447707701257364
Combined exploratory priority,0.6154873164218959,5.241625088318502
Combined exploratory priority,0.616822429906542,5.235753563050647
Combined exploratory priority,0.6181575433911882,5.229466266242331
Combined exploratory priority,0.6194926568758344,5.237351217908655
Combined exploratory priority,0.6208277703604806,5.247782723452774
Combined exploratory priority,0.6221628838451269,5.258369468206243
Combined exploratory priority,0.6234979973297731,5.250411229364621
Combined exploratory priority,0.6248331108144193,5.259179205093373
Combined exploratory priority,0.6261682242990654,5.26088782602377
Combined exploratory priority,0.6275033377837116,5.256120805974335
Combined exploratory priority,0.6288384512683578,5.256633662550438
Combined exploratory priority,0.630173564753004,5.2457965047487
Combined exploratory priority,0.6315086782376502,5.239810675501697
Combined exploratory priority,0.6328437917222964,5.244449338919879
Combined exploratory priority,0.6341789052069426,5.252258358590852
Combined exploratory priority,0.6355140186915887,5.256667623125141
Combined exploratory priority,0.636849132176235,5.248239211048657
Combined exploratory priority,0.6381842456608812,5.247743350075066
Combined exploratory priority,0.6395193591455274,5.237603296803966
Combined exploratory priority,0.6408544726301736,5.240268215215142
Combined exploratory priority,0.6421895861148198,5.239991017462929
Combined exploratory priority,0.6435246995994659,5.235404211990071
Combined exploratory priority,0.6448598130841121,5.229535141262701
Combined exploratory priority,0.6461949265687583,5.219010766037731
Combined exploratory priority,0.6475300400534045,5.210333400563172
Combined exploratory priority,0.6488651535380507,5.204285696226443
Combined exploratory priority,0.650200267022697,5.215186120931678
Combined exploratory priority,0.6515353805073432,5.20916652708299
Combined exploratory priority,0.6528704939919893,5.208886237617711
Combined exploratory priority,0.6542056074766355,5.203682868248042
Combined exploratory priority,0.6555407209612817,5.203441266668486
Combined exploratory priority,0.6568758344459279,5.196488698169104
Combined exploratory priority,0.6582109479305741,5.188669184711714
Combined exploratory priority,0.6595460614152203,5.178875010228349
Combined exploratory priority,0.6608811748998665,5.1771866677219816
Combined exploratory priority,0.6622162883845126,5.169382206213871
Combined exploratory priority,0.6635514018691588,5.161468682474114
Combined exploratory priority,0.664886515353805,5.184168864979622
Combined exploratory priority,0.6662216288384513,5.188503133063625
Combined exploratory priority,0.6675567423230975,5.181170872415603
Combined exploratory priority,0.6688918558077437,5.179518938625228
Combined exploratory priority,0.6702269692923899,5.196877216332522
Combined exploratory priority,0.671562082777036,5.193472170487609
Combined exploratory priority,0.6728971962616822,5.200700651169829
Combined exploratory priority,0.6742323097463284,5.207007997934476
Combined exploratory priority,0.6755674232309746,5.208940884083687
Combined exploratory priority,0.6769025367156208,5.2150123235991845
Combined exploratory priority,0.678237650200267,5.284917717581015
Combined exploratory priority,0.6795727636849133,5.28357357905779
Combined exploratory priority,0.6809078771695594,5.276912677990749
Combined exploratory priority,0.6822429906542056,5.267589728188668
Combined exploratory priority,0.6835781041388518,5.2764443295964165
Combined exploratory priority,0.684913217623498,5.267697807311373
Combined exploratory priority,0.6862483311081442,5.271420597747433
Combined exploratory priority,0.6875834445927904,5.282922613084028
Combined exploratory priority,0.6889185580774366,5.294737010721349
Combined exploratory priority,0.6902536715620827,5.287472214615351
Combined exploratory priority,0.6915887850467289,5.299872435123794
Combined exploratory priority,0.6929238985313751,5.298110885422153
Combined exploratory priority,0.6942590120160214,5.311114455009453
Combined exploratory priority,0.6955941255006676,5.314454604667145
Combined exploratory priority,0.6969292389853138,5.306400078217218
Combined exploratory priority,0.69826435246996,5.3052472913488895
Combined exploratory priority,0.6995994659546061,5.321128845421441
Combined exploratory priority,0.7009345794392523,5.311100723827596
Combined exploratory priority,0.7022696929238985,5.319451035974059
Combined exploratory priority,0.7036048064085447,5.318361754165345
Combined exploratory priority,0.7049399198931909,5.3234652244526846
Combined exploratory priority,0.7062750333778371,5.325427018025564
Combined exploratory priority,0.7076101468624834,5.318332401610912
Combined exploratory priority,0.7089452603471295,5.321133867879514
Combined exploratory priority,0.7102803738317757,5.31122992463312
Combined exploratory priority,0.7116154873164219,5.325809293873121
Combined exploratory priority,0.7129506008010681,5.330337186799097
Combined exploratory priority,0.7142857142857143,5.324392827748836
Combined exploratory priority,0.7156208277703605,5.325771257158565
Combined exploratory priority,0.7169559412550067,5.316378376525681
Combined exploratory priority,0.7182910547396528,5.342547630454558
Combined exploratory priority,0.719626168224299,5.345354653930428
Combined exploratory priority,0.7209612817089452,5.343355036355419
Combined exploratory priority,0.7222963951935915,5.341099095994164
Combined exploratory priority,0.7236315086782377,5.358316140475778
Combined exploratory priority,0.7249666221628839,5.3713115112333965
Combined exploratory priority,0.7263017356475301,5.3629650847119406
Combined exploratory priority,0.7276368491321762,5.365606758546257
Combined exploratory priority,0.7289719626168224,5.356347777905565
Combined exploratory priority,0.7303070761014686,5.35002123180743
Combined exploratory priority,0.7316421895861148,5.346177007824483
Combined exploratory priority,0.732977303070761,5.340223961076099
Combined exploratory priority,0.7343124165554072,5.336500460598551
Combined exploratory priority,0.7356475300400535,5.339643149768459
Combined exploratory priority,0.7369826435246996,5.330102336116109
Combined exploratory priority,0.7383177570093458,5.325759134815223
Combined exploratory priority,0.739652870493992,5.320930902983067
Combined exploratory priority,0.7409879839786382,5.316493917745649
Combined exploratory priority,0.7423230974632844,5.312476477015283
Combined exploratory priority,0.7436582109479306,5.3111967549173436
Combined exploratory priority,0.7449933244325768,5.321644047328998
Combined exploratory priority,0.7463284379172229,5.418937967490134
Combined exploratory priority,0.7476635514018691,5.412024636789227
Combined exploratory priority,0.7489986648865153,5.408583681860844
Combined exploratory priority,0.7503337783711616,5.422838229549872
Combined exploratory priority,0.7516688918558078,5.414044850582051
Combined exploratory priority,0.753004005340454,5.4198877082586785
Combined exploratory priority,0.7543391188251002,5.4310913282096145
Combined exploratory priority,0.7556742323097463,5.422867650693093
Combined exploratory priority,0.7570093457943925,5.462975696779567
Combined exploratory priority,0.7583444592790387,5.470284808683276
Combined exploratory priority,0.7596795727636849,5.476965283618584
Combined exploratory priority,0.7610146862483311,5.473774544130425
Combined exploratory priority,0.7623497997329773,5.471339290639071
Combined exploratory priority,0.7636849132176236,5.468338274188941
Combined exploratory priority,0.7650200267022697,5.466517873128283
Combined exploratory priority,0.7663551401869159,5.467110196183396
Combined exploratory priority,0.7676902536715621,5.471355606821959
Combined exploratory priority,0.7690253671562083,5.467308772196607
Combined exploratory priority,0.7703604806408545,5.493116618201294
Combined exploratory priority,0.7716955941255007,5.507267127736864
Combined exploratory priority,0.7730307076101469,5.5013084692932654
Combined exploratory priority,0.774365821094793,5.499576987392047
Combined exploratory priority,0.7757009345794392,5.4928082708997765
Combined exploratory priority,0.7770360480640854,5.5039185477533366
Combined exploratory priority,0.7783711615487316,5.506497395656251
Combined exploratory priority,0.7797062750333779,5.517579953723704
Combined exploratory priority,0.7810413885180241,5.526097882814517
Combined exploratory priority,0.7823765020026703,5.522364822031722
Combined exploratory priority,0.7837116154873164,5.521765334035131
Combined exploratory priority,0.7850467289719626,5.518318392226513
Combined exploratory priority,0.7863818424566088,5.515013830775243
Combined exploratory priority,0.787716955941255,5.5276277015614586
Combined exploratory priority,0.7890520694259012,5.523659421699329
Combined exploratory priority,0.7903871829105474,5.517841645319244
Combined exploratory priority,0.7917222963951935,5.580832173452035
Combined exploratory priority,0.7930574098798397,5.5733633004120176
Combined exploratory priority,0.794392523364486,5.572796158857333
Combined exploratory priority,0.7957276368491322,5.571314593818691
Combined exploratory priority,0.7970627503337784,5.56879680799592
Combined exploratory priority,0.7983978638184246,5.568262843552567
Combined exploratory priority,0.7997329773030708,5.575035068158043
Combined exploratory priority,0.8010680907877169,5.574340929080176
Combined exploratory priority,0.8024032042723631,5.565607955322019
Combined exploratory priority,0.8037383177570093,5.585113650807042
Combined exploratory priority,0.8050734312416555,5.576321511701196
Combined exploratory priority,0.8064085447263017,5.574839278859834
Combined exploratory priority,0.807743658210948,5.581855306720563
Combined exploratory priority,0.8090787716955942,5.574484181667591
Combined exploratory priority,0.8104138851802403,5.578203210939565
Combined exploratory priority,0.8117489986648865,5.579478848944052
Combined exploratory priority,0.8130841121495327,5.582084811059592
Combined exploratory priority,0.8144192256341789,5.584752017198896
Combined exploratory priority,0.8157543391188251,5.582107842766397
Combined exploratory priority,0.8170894526034713,5.586494743198621
Combined exploratory priority,0.8184245660881175,5.580687695340929
Combined exploratory priority,0.8197596795727636,5.578352441139133
Combined exploratory priority,0.8210947930574098,5.580609039492605
Combined exploratory priority,0.822429906542056,5.57167169237183
Combined exploratory priority,0.8237650200267023,5.583906279929721
Combined exploratory priority,0.8251001335113485,5.604959169597183
Combined exploratory priority,0.8264352469959947,5.607683338774114
Combined exploratory priority,0.8277703604806409,5.599255667249885
Combined exploratory priority,0.829105473965287,5.602285730548793
Combined exploratory priority,0.8304405874499332,5.595119839952572
Combined exploratory priority,0.8317757009345794,5.599718783619198
Combined exploratory priority,0.8331108144192256,5.595007677746771
Combined exploratory priority,0.8344459279038718,5.590238550899389
Combined exploratory priority,0.835781041388518,5.600737280570354
Combined exploratory priority,0.8371161548731643,5.609321015800279
Combined exploratory priority,0.8384512683578104,5.612538510601685
Combined exploratory priority,0.8397863818424566,5.616873489562277
Combined exploratory priority,0.8411214953271028,5.611400620807616
Combined exploratory priority,0.842456608811749,5.606569031488195
Combined exploratory priority,0.8437917222963952,5.620879715254675
Combined exploratory priority,0.8451268357810414,5.618595120464153
Combined exploratory priority,0.8464619492656876,5.614036158261124
Combined exploratory priority,0.8477970627503337,5.613857650886255
Combined exploratory priority,0.8491321762349799,5.610150339557856
Combined exploratory priority,0.8504672897196262,5.608121235909957
Combined exploratory priority,0.8518024032042724,5.602594125224484
Combined exploratory priority,0.8531375166889186,5.599873953573001
Combined exploratory priority,0.8544726301735648,5.603631972781502
Combined exploratory priority,0.855807743658211,5.6128624536495755
Combined exploratory priority,0.8571428571428571,5.612767931358584
Combined exploratory priority,0.8584779706275033,5.619788587887427
Combined exploratory priority,0.8598130841121495,5.6225615756080645
Combined exploratory priority,0.8611481975967957,5.615067442402939
Combined exploratory priority,0.8624833110814419,5.607321839322087
Combined exploratory priority,0.8638184245660881,5.60428502476439
Combined exploratory priority,0.8651535380507344,5.605459151636282
Combined exploratory priority,0.8664886515353805,5.608519243701192
Combined exploratory priority,0.8678237650200267,5.599900774569123
Combined exploratory priority,0.8691588785046729,5.594011248873287
Combined exploratory priority,0.8704939919893191,5.629237125877612
Combined exploratory priority,0.8718291054739653,5.635111303214116
Combined exploratory priority,0.8731642189586115,5.628344437969958
Combined exploratory priority,0.8744993324432577,5.637974481744281
Combined exploratory priority,0.8758344459279038,5.637480335280687
Combined exploratory priority,0.87716955941255,5.6335711719035615
Combined exploratory priority,0.8785046728971962,5.629587958388621
Combined exploratory priority,0.8798397863818425,5.622323784293306
Combined exploratory priority,0.8811748998664887,5.627120909015903
Combined exploratory priority,0.8825100133511349,5.631317804992854
Combined exploratory priority,0.8838451268357811,5.628058469162811
Combined exploratory priority,0.8851802403204272,5.633820464683538
Combined exploratory priority,0.8865153538050734,5.629627969320304
Combined exploratory priority,0.8878504672897196,5.645585925890653
Combined exploratory priority,0.8891855807743658,5.650296644989638
Combined exploratory priority,0.890520694259012,5.648346480465924
Combined exploratory priority,0.8918558077436582,5.641058934156611
Combined exploratory priority,0.8931909212283045,5.636051566440095
Combined exploratory priority,0.8945260347129506,5.6348342685068955
Combined exploratory priority,0.8958611481975968,5.629055209686722
Combined exploratory priority,0.897196261682243,5.623587390802736
Combined exploratory priority,0.8985313751668892,5.624442523576287
Combined exploratory priority,0.8998664886515354,5.663782737883976
Combined exploratory priority,0.9012016021361816,5.656092555712883
Combined exploratory priority,0.9025367156208278,5.652073221907749
Combined exploratory priority,0.9038718291054739,5.643934932534352
Combined exploratory priority,0.9052069425901201,5.638671414930496
Combined exploratory priority,0.9065420560747663,5.6312997642718
Combined exploratory priority,0.9078771695594126,5.659193229195938
Combined exploratory priority,0.9092122830440588,5.651227993423479
Combined exploratory priority,0.910547396528705,5.658620110480253
Combined exploratory priority,0.9118825100133512,5.654211286398125
Combined exploratory priority,0.9132176234979973,5.654836602973596
Combined exploratory priority,0.9145527369826435,5.647665005324642
Combined exploratory priority,0.9158878504672897,5.643532206481407
Combined exploratory priority,0.9172229639519359,5.638061690827755
Combined exploratory priority,0.9185580774365821,5.636344128507624
Combined exploratory priority,0.9198931909212283,5.63806635541747
Combined exploratory priority,0.9212283044058746,5.63704399481254
Combined exploratory priority,0.9225634178905207,5.631489124382523
Combined exploratory priority,0.9238985313751669,5.628841787414638
Combined exploratory priority,0.9252336448598131,5.648422761407144
Combined exploratory priority,0.9265687583444593,5.648942545049367
Combined exploratory priority,0.9279038718291055,5.655909500415271
Combined exploratory priority,0.9292389853137517,5.64906736555959
Combined exploratory priority,0.9305740987983978,5.643852437771271
Combined exploratory priority,0.931909212283044,5.645283536529197
Combined exploratory priority,0.9332443257676902,5.681937835884092
Combined exploratory priority,0.9345794392523364,5.675124602306636
Combined exploratory priority,0.9359145527369827,5.6776075289583385
Combined exploratory priority,0.9372496662216289,5.678364910484105
Combined exploratory priority,0.9385847797062751,5.68601832510811
Combined exploratory priority,0.9399198931909212,5.692653348421236
Combined exploratory priority,0.9412550066755674,5.690985226129706
Combined exploratory priority,0.9425901201602136,5.6838376275176685
Combined exploratory priority,0.9439252336448598,5.682377888388207
Combined exploratory priority,0.945260347129506,5.6852109704792815
Combined exploratory priority,0.9465954606141522,5.684916969563694
Combined exploratory priority,0.9479305740987984,5.684785965191543
Combined exploratory priority,0.9492656875834445,5.68573101093068
Combined exploratory priority,0.9506008010680908,5.693270089855587
Combined exploratory priority,0.951935914552737,5.690663117213702
Combined exploratory priority,0.9532710280373832,5.689847300560098
Combined exploratory priority,0.9546061415220294,5.691659140380009
Combined exploratory priority,0.9559412550066756,5.7052704157958125
Combined exploratory priority,0.9572763684913218,5.711846092494525
Combined exploratory priority,0.9586114819759679,5.710501929116762
Combined exploratory priority,0.9599465954606141,5.706906013739439
Combined exploratory priority,0.9612817089452603,5.716687452515278
Combined exploratory priority,0.9626168224299065,5.716810346694972
Combined exploratory priority,0.9639519359145527,5.7132133289671145
Combined exploratory priority,0.965287049399199,5.7069332245428175
Combined exploratory priority,0.9666221628838452,5.70831179908163
Combined exploratory priority,0.9679572763684913,5.700950782508173
Combined exploratory priority,0.9692923898531375,5.694949651613689
Combined exploratory priority,0.9706275033377837,5.696020836018774
Combined exploratory priority,0.9719626168224299,5.696474983792363
Combined exploratory priority,0.9732977303070761,5.693824830712094
Combined exploratory priority,0.9746328437917223,5.6962680121475495
Combined exploratory priority,0.9759679572763685,5.694534452775781
Combined exploratory priority,0.9773030707610146,5.715560681385603
Combined exploratory priority,0.9786381842456608,5.711291716946606
Combined exploratory priority,0.9799732977303071,5.708345029067136
Combined exploratory priority,0.9813084112149533,5.710314053719242
Combined exploratory priority,0.9826435246995995,5.704258997062645
Combined exploratory priority,0.9839786381842457,5.704655942418377
Combined exploratory priority,0.9853137516688919,5.705256726534728
Combined exploratory priority,0.986648865153538,5.701855292787751
Combined exploratory priority,0.9879839786381842,5.697802626148771
Combined exploratory priority,0.9893190921228304,5.704915344212881
Combined exploratory priority,0.9906542056074766,5.712513406575225
Combined exploratory priority,0.9919893190921228,5.705879215240817
Combined exploratory priority,0.9933244325767691,5.710266374224314
Combined exploratory priority,0.9946595460614153,5.7083203941348595
Combined exploratory priority,0.9959946595460614,5.704839466944155
Combined exploratory priority,0.9973297730307076,5.723080505501013
Combined exploratory priority,0.9986648865153538,5.731482924764506
Combined exploratory priority,1.0,5.724603291869022
